id,patientId,description,amount,paid
"BILL1731437058937","P3153","Billing for prescription IDs: 2582, 1513",96.00,false
"BILL1731439633771","2531","Billing for prescription IDs: 222",50.00,false
"BILL1731439882643","2531","Billing for prescription IDs: 2531",50.00,true
"BILL1731558751326","1566","Billing for prescription IDs: 2582, 1513",50.00,false
"BILL1731559866090","P3153","Billing for prescription IDs: 5233, 2531",50.00,false
"BILL1731560612869","P3153","Billing for prescription IDs: 5233, 1513",80.00,false
