userId,name,dateOfBirth,gender,phoneNumber,email,bloodType,past diagnosis,past treatment
1566,Mikko,13-01-2004,female,91234567,mikko@gmail.com,A,Cancer,kemo,Not Available
7990,Mithun,19-04-2005,male,99999999,mithun@gmail.com,B,Not Available;Cancer;Tuberculosis,Not Available
3098,Sam,25-05-2005,male,11111111,sam@yahoo.com,B,Boils,Cream
5518,Joe,25-05-2005,male,11111111,sam@yahoo.com,B,Not Available,Not Available
5962,John,25-04-1999,male,22222222,john@gmail.com,O,Cancer; Boils;Tuberculosis,Not Available
P3153,19-04-2000,male,22003344,manypoco@gmail.com,B,Not Available,Tuberculosis,Cancer
2899,jet,11-11-2011,male,12345678,jetset@gmail.com,A,Not Available,Not Available
P5892,kim,10-10-1990,male,87654321,kimwong@gmail.com,A,Cancer,Tuberculosis,Not Available
P5892,kim,10-10-1990,male,87654321,kimwong@gmail.com,A,Cancer,Presbyopia,Tuberculosis,Not Available
P5892,kim,10-10-1990,male,87654321,kimwong@gmail.com,A,Cancer,Dengue,Tuberculosis
P5892,kim,10-10-1990,male,87654321,kimwong@gmail.com,A,Cancer,Dengue,Osteoperosis,Osteoperosis,Tuberculosis
1566,Mikko,13-01-2004,female,91234567,mikko@gmail.com,A,Cancer,kemo,Not Available
P3153,19-04-2000,male,22003344,manypoco@gmail.com,B,Not Available,Tuberculosis,Cancer
