id,gender,age,role,number,email,specialization
56,male,44,doctor,98123476,max@maxxy.com,cardiologist
296,female,32,pharmacist,99887766,gina@goog.com,NA
816,male,20,doctor,24241515,samjam@gmail.com,NA
697,male,20,doctor,24241515,samjam@gmail.com,NA
296,female,32,pharmacist,99887766,gina@goog.com,NA
251,male,24,doctor,12121212,maximus@gmail.com,NA
9909,male,19,doctor,85900799,samjam@gmail.comNA
4661,male,19,doctor,88888888,samjam@gmail.comNA
3689,male,19,doctor,99999999,samjam@gmail.com,cardiologist
9358,male,20,pharmacist,77777777,samjam@gmail.com,NA
7923,male,19,doctor,66666666,samjam@gmail.com,cardiologist
D207,male,45,doctor,12345678,johnbanegadon@gmail.com,radiologist
D549,male,19,doctor,66666666,samjam@gmail.com,cardiologist
