id,name,password,role
1566,Mikko,password,patient
2,Beth,password,administrator
56,Max,maxxy,doctor
296,Gina,gina,pharmacist
697,Samarth,008,doctor
62,Armaan,arm,administrator
251,Maximus,max,doctor
9909,sam,samjam,doctor
4661,sam,jam,doctor
3689,sam,jam,doctor
7990,mithun,manny,patient
3098,sam,jam,patient
5518,Joe,JoeHoe,patient
5962,Andy,abcd,patient
9358,sammy,samjam2005,pharmacist
3446,armaan,armani007,administrator
7923,sam',sam1234,doctor
D207,John Smith,JohnyYesPapa,doctor
P3153,manny,man123456,patient
D549,Sean,sean1234,doctor
2899,jet,jetty777,patient
P5892,kim,kimisfake,patient
P3153,manny,man1234,patient
